{
  "source": "dataset",
  "dataset": "Cityscapes",
  "splits": [
    "train",
    "val"
  ],
  "num_samples": 3475,
  "feature_scale": 0.56,
  "rho_r_proxy": 3.0,
  "measure_definition": {
    "raw_payload": "uncompressed RGB leftImg8bit image bytes",
    "semantic_payload": "zlib-compressed uint8 gtFine labelIds map",
    "semantic_feature_payload": "uncompressed downsampled uint8 gtFine labelIds tensor",
    "rho_c": "semantic_payload/raw_payload",
    "rho_r_proxy": "raw RGB channels per semantic label channel = 3"
  },
  "raw_uncompressed_bytes_mean": 6291456.0,
  "raw_uncompressed_bytes_median": 6291456.0,
  "raw_png_bytes_mean": 2338904.91971223,
  "raw_png_bytes_median": 2326532.0,
  "label_png_bytes_mean": 18094.150503597124,
  "label_png_bytes_median": 17940.0,
  "semantic_zlib_bytes_mean": 20444.318561151078,
  "semantic_zlib_bytes_median": 20273.0,
  "semantic_feature_bytes_mean": 657231.0,
  "semantic_feature_bytes_median": 657231.0,
  "rho_c_uncompressed_mean": 0.003249536921366227,
  "rho_c_uncompressed_median": 0.003222306569417318,
  "rho_c_feature_uncompressed_mean": 0.10446405410766602,
  "rho_c_feature_uncompressed_median": 0.10446405410766602,
  "rho_c_png_mean": 0.008764715253053447,
  "rho_c_png_median": 0.008675931185502245,
  "rho_c_feature_png_mean": 0.2826920089809795,
  "rho_c_feature_png_median": 0.2824938578106813,
  "label_png_to_raw_ratio_mean": 0.002875987768744965,
  "label_png_to_raw_ratio_median": 0.0028514862060546875,
  "encode_seconds_median_mean": 0.00612016733815783,
  "encode_seconds_median_median": 0.006051600008504465,
  "decode_seconds_median_mean": 0.001495327683435351,
  "decode_seconds_median_median": 0.0014172000082908198,
  "feature_encode_seconds_median_mean": 0.0008219131798836865,
  "feature_encode_seconds_median_median": 0.0007966999983182177,
  "feature_decode_seconds_median_mean": 0.001135167194184472,
  "feature_decode_seconds_median_median": 0.0010983000101987273,
  "encode_bitrate_mbps_mean": 8387.131036822891,
  "encode_bitrate_mbps_median": 8317.081090830141,
  "decode_bitrate_mbps_mean": 111.89072901880755,
  "decode_bitrate_mbps_median": 111.28011094284288,
  "feature_encode_bitrate_mbps_mean": 66206.0598034217,
  "feature_encode_bitrate_mbps_median": 63175.15765814844,
  "feature_decode_bitrate_mbps_mean": 4711.048693568751,
  "feature_decode_bitrate_mbps_median": 4787.260266936209
}