{
  "source": "trained_cityscapes_rgb_to_semantic_encoder_decoder",
  "rho_c_feature_uncompressed_mean": 0.10416666666666667,
  "rho_c_feature_png_mean": 0.10416666666666667,
  "rho_c_uncompressed_mean": 0.10416666666666667,
  "rho_c_png_mean": 0.10416666666666667,
  "rho_r_proxy": 3.0,
  "encode_bitrate_mbps_median": 129.62879982161493,
  "decode_bitrate_mbps_median": 26.51933696693115,
  "feature_encode_bitrate_mbps_median": 129.62879982161493,
  "feature_decode_bitrate_mbps_median": 26.51933696693115,
  "semantic_quality_miou_final": 0.22177711129188538,
  "semantic_quality_miou_best": 0.2237364649772644,
  "pixel_accuracy_final": 0.7583295702934265,
  "pixel_accuracy_best": 0.7576509118080139,
  "num_samples": 256,
  "model": {
    "name": "paperlite",
    "latent_channels": 20,
    "width": 8,
    "downsample_factor": 8,
    "quantization_bits_assumed": 8,
    "payload_ratio": 0.10416666666666667
  },
  "timing": {
    "encode_ms_median": 1.516699994681403,
    "decode_ms_median": 2.316800004336983,
    "full_ms_median": 3.9426999865099788
  },
  "paper_comparison": {
    "paper_rho_c": 0.104,
    "paper_rho_r": 3.0,
    "rho_c_abs_error": 0.00016666666666667607,
    "rho_c_rel_error_pct": 0.1602564102564193,
    "paper_encoding_bitrate_mbps": 91.3,
    "paper_decoding_bitrate_mbps": 23.23,
    "measured_encode_input_throughput_mbps": 129.62879982161493,
    "measured_decode_latent_throughput_mbps": 8.83977898897705,
    "measured_decode_restoration_throughput_mbps": 26.51933696693115
  }
}